symbol,name,exchange,sector,currency,price,pct_change,market_cap,ytd_change,as_of
ABBEYBANK,,NGX,FINANCIAL SERVICES,NGN,7.0,0.0,,,2026-10-02
ABBEYBDS,Abbey Bank,NGX,Financials,NGN,7.0,0.72,257010000000.0,0.09380000000000001,2026-10-02
ABCTRANS,,NGX,SERVICES,NGN,7.4,9.63,11180000000.0,0.6463,2026-10-02
ACADEMY,,NGX,SERVICES,NGN,5.1,0.0,4620000000.0,-0.3014,2026-10-02
ACCESSCORP,,NGX,FINANCIAL SERVICES,NGN,30.5,0.33,1653020000000.0,0.4476,2026-10-02
AFRINSURE,AFRINSURE [MRF],NGX,FINANCIAL SERVICES,NGN,0.2,0.0,4110000000.0000005,,2026-10-02
AFRIPRUD,,NGX,FINANCIAL SERVICES,NGN,10.95,0.0,43800000000.0,-0.2601,2026-10-02
AFROMEDIA,AFROMEDIA [MRF],NGX,SERVICES,NGN,0.24,0.0,1060000000.0,,2026-10-02
AIICO,,NGX,FINANCIAL SERVICES,NGN,4.18,10.0,139100000000.0,0.0026,2026-10-02
AIRTELAFRI,,NGX,ICT,NGN,6300.0,0.0,23676350000000.0,1.7753,2026-10-02
ALEX,ALEX [BMF],NGX,NATURAL RESOURCES,NGN,9.9,0.0,2170000000.0,-0.5427000000000001,2026-10-02
ARADEL,,NGX,OIL AND GAS,NGN,1530.0,0.0,6647610000000.0,1.2836,2026-10-02
ARBICO,,NGX,,NGN,1.03,0.0,,,2026-10-02
ASOSAVINGS,Aso Savings And Loans,NGX,Financials,NGN,3.21,,15770000000.0,,2026-10-02
AUSTINLAZ,AUSTINLAZ [RST],NGX,INDUSTRIAL GOODS,NGN,2.2,0.0,2370000000.0,-0.4824,2026-10-02
AVACAP,,NGX,FINANCIAL SERVICES,NGN,5.6,-0.88,28250000000.0,,2026-10-02
AVAIF,,NGX,CONSTRUCTION/REAL ESTATE,NGN,1000000.0,0.0,4070000000.0000005,,2026-10-02
BAPLC,,NGX,ICT,NGN,6.25,0.0,60000000.0,,2026-10-02
BERGER,,NGX,INDUSTRIAL GOODS,NGN,147.6,0.0,42770000000.0,2.075,2026-10-02
BETAGLAS,,NGX,INDUSTRIAL GOODS,NGN,511.5,0.0,255730000000.0,0.3824,2026-10-02
BUACEMENT,,NGX,INDUSTRIAL GOODS,NGN,297.0,0.0,10057710000000.0,0.6639,2026-10-02
BUAFOODS,,NGX,CONSUMER GOODS,NGN,760.6,0.0,13690800000000.0,-0.0479,2026-10-02
CADBURY,,NGX,CONSUMER GOODS,NGN,59.5,0.0,135669999999.99998,-0.0067,2026-10-02
CAP,,NGX,INDUSTRIAL GOODS,NGN,100.0,0.0,81470000000.0,0.4493,2026-10-02
CAPHOTEL,,NGX,,NGN,3.02,0.0,,,2026-10-02
CAVERTON,,NGX,SERVICES,NGN,4.05,0.0,13560000000.0,-0.25,2026-10-02
CHAMPION,,NGX,CONSUMER GOODS,NGN,10.0,1.01,112100000000.0,-0.2929,2026-10-02
CHAMS,,NGX,ICT,NGN,3.23,1.25,28710000000.0,-0.1821,2026-10-02
CHELLARAM,,NGX,CONGLOMERATES,NGN,9.7,0.0,7010000000.0,-0.2652,2026-10-02
CHIPLC,,NGX,,NGN,1.09,0.0,,,2026-10-02
CILEASING,,NGX,SERVICES,NGN,5.5,0.0,16210000000.0,-0.1971,2026-10-02
CMFC,CMFC [DWL],NGX,FINANCIAL SERVICES,NGN,4.49,3.94,,,2026-10-02
CNIF,,NGX,CONSTRUCTION/REAL ESTATE,NGN,154.3,0.0,,,2026-10-02
CONHALLPLC,,NGX,FINANCIAL SERVICES,NGN,7.44,4.49,77180000000.0,0.6406000000000001,2026-10-02
CONOIL,,NGX,OIL AND GAS,NGN,210.0,0.0,145720000000.0,0.12179999999999999,2026-10-02
CORNERST,,NGX,FINANCIAL SERVICES,NGN,5.25,-6.25,101730000000.0,-0.0604,2026-10-02
CUSTODIAN,,NGX,CONGLOMERATES,NGN,70.0,0.0,,,2026-10-02
CUSTODYINS,Custodian Investment,NGX,Financials,NGN,70.0,,411730000000.0,0.6279,2026-10-02
CUTIX,,NGX,INDUSTRIAL GOODS,NGN,2.29,-0.43,16200000000.0,-0.2581,2026-10-02
CWG,,NGX,ICT,NGN,20.75,0.0,52390000000.0,0.1528,2026-10-02
DAARCOMM,,NGX,SERVICES,NGN,1.44,-4.0,12000000000.0,0.6129,2026-10-02
DANGCEM,,NGX,INDUSTRIAL GOODS,NGN,1066.7,0.0,17999020000000.0,0.7515999999999999,2026-10-02
DANGSUGAR,,NGX,CONSUMER GOODS,NGN,68.0,0.0,1376640000000.0,0.1333,2026-10-02
DEAPCAP,Critical Minerals Financing Corporation,NGX,Financials,NGN,4.32,9.92,11100000000.0,1.2737,2026-10-02
DNMEYER,Meyer,NGX,Basic Materials,NGN,15.95,,7930000000.0,0.23170000000000002,2026-10-02
DUNLOP,DN Tyre & Rubber,NGX,Consumer Services,NGN,0.2,,950000000.0,,2026-10-02
EKOCORP,EKOCORP [DIP],NGX,HEALTHCARE,NGN,5.8,0.0,2890000000.0,,2026-10-02
ELLAHLAKES,,NGX,AGRICULTURE,NGN,8.2,-1.2,50710000000.0,-0.38060000000000005,2026-10-02
ENAMELWA,,NGX,CONSUMER GOODS,NGN,40.7,0.0,3090000000.0,0.0049,2026-10-02
ETERNA,,NGX,OIL AND GAS,NGN,44.0,0.0,96190000000.0,0.5439,2026-10-02
ETI,,NGX,FINANCIAL SERVICES,NGN,69.9,2.79,1234540000000.0,0.6229,2026-10-02
ETRANZACT,,NGX,ICT,NGN,11.0,-9.84,112230000000.0,0.07490000000000001,2026-10-02
EUNISELL,,NGX,SERVICES,NGN,189.0,0.0,57720000000.0,0.6435,2026-10-02
FCMB,,NGX,FINANCIAL SERVICES,NGN,11.1,-3.06,755180000000.0,-0.049800000000000004,2026-10-02
FFFBNBALF,,NGX,,NGN,146.14,0.0,,,2026-10-02
FFFBNFIF,,NGX,,NGN,1234.59,0.0,,,2026-10-02
FFFBNMMF,,NGX,,NGN,100.0,0.0,,,2026-10-02
FFFRONTIER,,NGX,,NGN,121.43,0.0,,,2026-10-02
FFFSDHCGF,,NGX,,NGN,3002.68,0.0,,,2026-10-02
FFFSDHCIF,,NGX,,NGN,2858.81,0.0,,,2026-10-02
FFIONEABMM,,NGX,,NGN,100.0,0.0,,,2026-10-02
FFIONEVBF,,NGX,,NGN,2.15,0.0,,,2026-10-02
FFIONEVGIF,,NGX,,NGN,1.0,0.0,,,2026-10-02
FFLEGYDTFD,,NGX,,NGN,3.35,0.0,,,2026-10-02
FFLEGYEYFD,,NGX,,NGN,1.18,0.0,,,2026-10-02
FFLEGYMMFD,,NGX,,NGN,100.0,0.0,,,2026-10-02
FFLEGYUBFD,,NGX,,NGN,1.04,0.0,,,2026-10-02
FFSFSFIXED,,NGX,,NGN,1.03,0.0,,,2026-10-02
FFUNCAPBDF,,NGX,,NGN,1.65,0.0,,,2026-10-02
FFUNCAPBLF,,NGX,,NGN,1.23,0.0,,,2026-10-02
FFUNCAPEBF,,NGX,,NGN,109.3,0.0,,,2026-10-02
FFUNCAPEQF,,NGX,,NGN,0.72,0.0,,,2026-10-02
FFUNCAPMMF,,NGX,,NGN,1.0,0.0,,,2026-10-02
FFUNCAPWFF,,NGX,,NGN,1.12,0.0,,,2026-10-02
FG112034S2,,NGX,,NGN,73.0,0.0,,,2026-10-02
FG132036S2,,NGX,,NGN,109.7,0.0,,,2026-10-02
FG142027S1,,NGX,,NGN,67.5181,0.0,,,2026-10-02
FG142037S2,,NGX,,NGN,95.5,0.0,,,2026-10-02
FG152028S1,,NGX,,NGN,80.5,0.0,,,2026-10-02
FG162029S1,,NGX,,NGN,69.9999,0.0,,,2026-10-02
FG162049S2,,NGX,,NGN,104.9999,0.0,,,2026-10-02
FG172035S1,,NGX,,NGN,106.32,0.0,,,2026-10-02
FG172045S3,,NGX,,NGN,100.0,0.0,,,2026-10-02
FG172050S2,,NGX,,NGN,104.9997,0.0,,,2026-10-02
FG182032S2,,NGX,,NGN,100.0,0.0,,,2026-10-02
FG182042S1,,NGX,,NGN,100.0,0.0,,,2026-10-02
FG192033S1,,NGX,,NGN,100.0,0.0,,,2026-10-02
FG192038S2,,NGX,,NGN,95.0001,0.0,,,2026-10-02
FG192053S3,,NGX,,NGN,109.356,0.0,,,2026-10-02
FG202027S3,,NGX,,NGN,102.2317,0.0,,,2026-10-02
FG202029S5,,NGX,,NGN,109.867,0.0,,,2026-10-02
FG202031S1,,NGX,,NGN,106.35,0.0,,,2026-10-02
FG202033S6,,NGX,,NGN,113.5315,0.0,,,2026-10-02
FG202034S2,,NGX,,NGN,109.9942,0.0,,,2026-10-02
FG212030S12,,NGX,,NGN,100.0,0.0,,,2026-10-02
FG212032S11,,NGX,,NGN,100.0,0.0,,,2026-10-02
FG212035S1,,NGX,,NGN,124.8565,0.0,,,2026-10-02
FG5B2028S5,,NGX,,NGN,100.0,0.0,,,2026-10-02
FG6B2029S3,,NGX,,NGN,100.0,0.0,,,2026-10-02
FG6B2029S5,,NGX,,NGN,100.0,0.0,,,2026-10-02
FG7B2030S3,,NGX,,NGN,70.5001,0.0,,,2026-10-02
FIDELITYBK,,NGX,FINANCIAL SERVICES,NGN,23.5,8.55,1367710000000.0,0.13949999999999999,2026-10-02
FIDSON,,NGX,HEALTHCARE,NGN,85.0,0.0,255000000000.0,0.6966,2026-10-02
FIRSTHOLDCO,,NGX,FINANCIAL SERVICES,NGN,150.05,-6.16,7271450000000.0,2.3382,2026-10-02
FTGINSURE,FTGINSURE [DWL],NGX,FINANCIAL SERVICES,NGN,1.81,0.0,32990000000.000004,8.05,2026-10-02
FTNCOCOA,FTNCOCOA [RST],NGX,AGRICULTURE,NGN,7.62,-8.19,32360000000.0,0.66,2026-10-02
GEREGU,,NGX,UTILITIES,NGN,825.7,0.0,2064250000000.0,-0.2767,2026-10-02
GOLDBREW,GOLDBREW [BMF],NGX,CONSUMER GOODS,NGN,7.1,0.0,7120000000.0,,2026-10-02
GREENWETF,Greenwich Alpha ETF,NGX,ETF,NGN,774.98,,0.0,1.0393999999999999,2026-10-02
GTCO,,NGX,FINANCIAL SERVICES,NGN,132.8,0.61,4824630000000.0,0.45530000000000004,2026-10-02
GUINEAINS,,NGX,FINANCIAL SERVICES,NGN,0.72,2.86,7800000000.0,-0.47369999999999995,2026-10-02
GUINNESS,,NGX,CONSUMER GOODS,NGN,384.8,0.0,842850000000.0,0.09970000000000001,2026-10-02
HBMNG,,NGX,INDUSTRIAL GOODS,NGN,355.0,0.0,,,2026-10-02
HMCALL,,NGX,CONSTRUCTION/REAL ESTATE,NGN,3.41,0.0,,,2026-10-02
HONYFLOUR,,NGX,CONSUMER GOODS,NGN,17.35,-3.61,142740000000.0,-0.17809999999999998,2026-10-02
IKEJAHOTEL,,NGX,SERVICES,NGN,44.5,0.0,96220000000.0,0.0621,2026-10-02
IMG,,NGX,NATURAL RESOURCES,NGN,28.0,0.0,19070000000.0,-0.125,2026-10-02
INFINITY,INFINITY [BLS],NGX,FINANCIAL SERVICES,NGN,11.25,0.0,93830000000.0,0.6071,2026-10-02
INTBREW,,NGX,CONSUMER GOODS,NGN,10.0,4.71,1607180000000.0,-0.3179,2026-10-02
INTENEGINS,,NGX,FINANCIAL SERVICES,NGN,2.25,3.56,21050000000.0,-0.1,2026-10-02
JAIZBANK,,NGX,FINANCIAL SERVICES,NGN,8.2,1.23,361170000000.0,0.7802,2026-10-02
JAPAULGOLD,,NGX,OIL AND GAS,NGN,2.88,-0.69,41360000000.0,0.2554,2026-10-02
JBERGER,,NGX,CONSTRUCTION/REAL ESTATE,NGN,310.8,0.0,497280000000.0,1.0327,2026-10-02
JOHNHOLT,,NGX,CONGLOMERATES,NGN,8.75,2.94,3300000000.0,0.7347,2026-10-02
JULI,,NGX,SERVICES,NGN,6.55,0.0,1300000000.0,-0.1873,2026-10-02
LASACO,LASACO [BLS],NGX,FINANCIAL SERVICES,NGN,1.77,-1.13,35960000000.0,-0.2776,2026-10-02
LEARNAFRCA,,NGX,SERVICES,NGN,7.65,0.0,5900000000.0,0.1679,2026-10-02
LEGENDINT,,NGX,ICT,NGN,3.65,0.0,7300000000.0,-0.31,2026-10-02
LINKASSURE,,NGX,FINANCIAL SERVICES,NGN,1.63,-4.12,52360000000.0,-0.0449,2026-10-02
LIVESTOCK,,NGX,AGRICULTURE,NGN,8.9,9.88,24290000000.0,0.33880000000000005,2026-10-02
LIVINGTRUST,,NGX,FINANCIAL SERVICES,NGN,3.45,9.87,15700000000.0,-0.08990000000000001,2026-10-02
LOTUSHAL15,Lotus Halal Equity ETF,NGX,ETF,NGN,139.9,,0.0,0.7272,2026-10-02
MANSARD,,NGX,FINANCIAL SERVICES,NGN,11.4,3.64,99000000000.0,-0.1971,2026-10-02
MAYBAKER,,NGX,HEALTHCARE,NGN,39.2,0.0,67620000000.00001,1.0632,2026-10-02
MBENEFIT,,NGX,FINANCIAL SERVICES,NGN,3.15,0.64,62790000000.0,0.0097,2026-10-02
MCNICHOLS,,NGX,CONSUMER GOODS,NGN,5.15,1.98,5630000000.0,0.5443,2026-10-02
MECURE,,NGX,HEALTHCARE,NGN,56.2,0.0,224800000000.0,-0.138,2026-10-02
MERGROWTH,Meristem Growth ETF,NGX,ETF,NGN,122.0,,0.0,-0.7129000000000001,2026-10-02
MERVALUE,Meristem Value ETF,NGX,ETF,NGN,144.99,,0.0,-0.6182,2026-10-02
MEYER,,NGX,INDUSTRIAL GOODS,NGN,15.95,0.0,,,2026-10-02
MOFIREIF,,NGX,CONSTRUCTION/REAL ESTATE,NGN,100.0,0.0,100000000000.0,,2026-10-02
MORISON,MORISON [BLS],NGX,HEALTHCARE,NGN,10.4,0.0,13060000000.0,1.0194,2026-10-02
MTNN,,NGX,ICT,NGN,840.0,0.36,17573279999999.998,0.638,2026-10-02
MULTITREX,MULTITREX [DWL],NGX,CONSUMER GOODS,NGN,0.36,0.0,2240000000.0,,2026-10-02
MULTIVERSE,,NGX,NATURAL RESOURCES,NGN,19.2,0.0,8180000000.0,0.4382,2026-10-02
NAHCO,,NGX,SERVICES,NGN,150.0,0.0,334120000000.0,0.3889,2026-10-02
NASCON,,NGX,CONSUMER GOODS,NGN,188.9,0.0,510480000000.0,0.7572,2026-10-02
NB,,NGX,CONSUMER GOODS,NGN,74.7,-1.71,2354710000000.0,0.009300000000000001,2026-10-02
NCR,,NGX,ICT,NGN,161.2,0.0,17400000000.0,1.2173,2026-10-02
NEIMETH,,NGX,HEALTHCARE,NGN,7.45,-3.25,37600000000.0,0.3276,2026-10-02
NEM,,NGX,FINANCIAL SERVICES,NGN,28.7,0.0,143970000000.0,0.0709,2026-10-02
NESTLE,,NGX,CONSUMER GOODS,NGN,2900.0,0.0,2298700000000.0,0.48109999999999997,2026-10-02
NEWGOLD,NewGold ETF,NGX,ETF,NGN,92000.0,,0.0,0.5593,2026-10-02
NGXGROUP,,NGX,FINANCIAL SERVICES,NGN,168.6,-6.85,474000000000.0,1.5856999999999999,2026-10-02
NIDF,,NGX,CONSTRUCTION/REAL ESTATE,NGN,147.7,0.0,176840000000.0,0.2843,2026-10-02
NNFM,,NGX,CONSUMER GOODS,NGN,79.4,0.0,14140000000.0,-0.0581,2026-10-02
NPFMCRFBK,,NGX,FINANCIAL SERVICES,NGN,4.4,0.0,26360000000.0,0.18600000000000003,2026-10-02
NREIT,,NGX,CONSTRUCTION/REAL ESTATE,NGN,113.0,0.0,187210000000.0,0.0971,2026-10-02
NSLTECH,,NGX,SERVICES,NGN,0.71,2.9,3880000000.0,-0.09210000000000002,2026-10-02
OANDO,,NGX,OIL AND GAS,NGN,35.0,0.0,435090000000.0,-0.1294,2026-10-02
OKOMUOIL,,NGX,AGRICULTURE,NGN,1276.2,0.0,1217370000000.0,0.1655,2026-10-02
OMATEK,,NGX,ICT,NGN,1.45,0.0,4260000000.0,0.2832,2026-10-02
PHARMDEKO,PHARMDEKO [MRS],NGX,HEALTHCARE,NGN,1.83,0.0,390000000.0,,2026-10-02
PREMPAINTS,PREMPAINTS [RST],NGX,INDUSTRIAL GOODS,NGN,30.4,0.0,3730000000.0,2.04,2026-10-02
PRESCO,,NGX,AGRICULTURE,NGN,2045.3,0.0,2386180000000.0,0.4106,2026-10-02
PRESTIGE,PRESTIGE [BLS],NGX,FINANCIAL SERVICES,NGN,1.38,0.0,21550000000.0,-0.1266,2026-10-02
PZ,,NGX,CONSUMER GOODS,NGN,66.4,-9.91,292620000000.0,0.6618,2026-10-02
REDSTAREX,,NGX,SERVICES,NGN,14.85,-6.01,15070000000.0,0.8161,2026-10-02
REGALINS,,NGX,FINANCIAL SERVICES,NGN,0.7,1.43,15650000000.0,-0.3519,2026-10-02
RONCHESS,,NGX,CONSTRUCTION/REAL ESTATE,NGN,81.0,0.0,7370000000.0,,2026-10-02
ROYALEX,,NGX,FINANCIAL SERVICES,NGN,1.06,-7.83,9500000000.0,-0.38170000000000004,2026-10-02
RTBRISCOE,,NGX,SERVICES,NGN,10.0,0.0,11760000000.0,1.8571,2026-10-02
SCOA,,NGX,CONGLOMERATES,NGN,33.05,0.0,21470000000.0,3.6549,2026-10-02
SEPLAT,,NGX,OIL AND GAS,NGN,16000.1,0.0,9599170000000.0,1.7544,2026-10-02
SFSREIT,,NGX,CONSTRUCTION/REAL ESTATE,NGN,418.75,0.0,8369999999.999999,,2026-10-02
SIAMLETF40,SIAML Pension ETF 40,NGX,ETF,NGN,2200.0,,0.0,0.23850000000000002,2026-10-02
SKYAVN,,NGX,SERVICES,NGN,171.2,0.0,231730000000.0,0.9356,2026-10-02
SOVRENINS,,NGX,FINANCIAL SERVICES,NGN,2.1,-4.55,36820000000.0,-0.4241,2026-10-02
STANBIC,,NGX,FINANCIAL SERVICES,NGN,163.0,0.61,2591980000000.0,0.63,2026-10-02
STANBICETF30,Stanbic IBTC ETF 30,NGX,ETF,NGN,1400.0,,0.0,0.4445,2026-10-02
STERLINGNG,,NGX,FINANCIAL SERVICES,NGN,7.7,0.0,527460000000.00006,0.0922,2026-10-02
SUNUASSUR,SUNUASSUR [BLS],NGX,FINANCIAL SERVICES,NGN,3.08,0.0,24280000000.0,-0.44,2026-10-02
TANTALIZER,,NGX,SERVICES,NGN,3.9,2.56,19500000000.0,0.56,2026-10-02
THOMASWY,THOMASWY [RST],NGX,NATURAL RESOURCES,NGN,2.67,0.0,580000000.0,-0.0291,2026-10-02
TIP,,NGX,SERVICES,NGN,27.1,-0.37,54400000000.0,1.0451000000000001,2026-10-02
TOTAL,,NGX,OIL AND GAS,NGN,518.4,0.0,,,2026-10-02
TOTALNG,TotalEnergies Marketing Nigeria,NGX,Oil & Gas,NGN,518.4,,176000000000.0,-0.19,2026-10-02
TRANSCOHOT,,NGX,SERVICES,NGN,290.5,0.0,2975450000000.0,0.6998000000000001,2026-10-02
TRANSCORP,,NGX,CONGLOMERATES,NGN,36.5,-1.35,375990000000.0,-0.185,2026-10-02
TRANSEXPR,,NGX,SERVICES,NGN,2.97,10.0,2300000000.0,0.25579999999999997,2026-10-02
TRANSPOWER,,NGX,UTILITIES,NGN,178.0,0.0,1335000000000.0,-0.4202,2026-10-02
TRIPPLEG,,NGX,INDUSTRIAL GOODS,NGN,2.33,0.0,2300000000.0,-0.4729,2026-10-02
UACN,,NGX,CONGLOMERATES,NGN,181.0,0.0,529620000000.0,0.9890000000000001,2026-10-02
UBA,,NGX,FINANCIAL SERVICES,NGN,45.3,-0.33,2008710000000.0,0.09119999999999999,2026-10-02
UBN,,NGX,,NGN,6.65,0.0,,,2026-10-02
UCAP,,NGX,FINANCIAL SERVICES,NGN,17.1,0.59,306000000000.0,-0.0909,2026-10-02
UHOMREIT,,NGX,CONSTRUCTION/REAL ESTATE,NGN,70.0,0.0,17500000000.0,0.35,2026-10-02
UNILEVER,,NGX,CONSUMER GOODS,NGN,103.5,-1.33,602650000000.0,0.4569,2026-10-02
UNIONDAC,,NGX,,NGN,0.28,0.0,,,2026-10-02
UNIONDICON,UNIONDICON [DWL],NGX,CONSUMER GOODS,NGN,23.75,0.0,6490000000.0,2.4419999999999997,2026-10-02
UNITYBNK,UNITYBNK [MRF],NGX,FINANCIAL SERVICES,NGN,1.51,0.0,17650000000.0,,2026-10-02
UNIVINSURE,,NGX,FINANCIAL SERVICES,NGN,0.77,0.0,12320000000.0,-0.3636,2026-10-02
UPDC,UPDC [BLS],NGX,CONSTRUCTION/REAL ESTATE,NGN,3.95,5.33,69590000000.0,-0.2347,2026-10-02
UPDCREIT,,NGX,CONSTRUCTION/REAL ESTATE,NGN,20.65,0.0,55090000000.0,1.9928,2026-10-02
UPL,,NGX,SERVICES,NGN,5.15,9.57,2020000000.0,-0.2167,2026-10-02
VANLEER,Greif Nigeria,NGX,Industrials,NGN,5.45,,230000000.0,,2026-10-02
VERITASKAP,,NGX,FINANCIAL SERVICES,NGN,1.11,-0.9,32040000000.0,-0.35090000000000005,2026-10-02
VETBANK,Vetiva Banking ETF,NGX,ETF,NGN,28.7,,0.0,0.9133,2026-10-02
VETINDETF,Vetiva Industrial ETF,NGX,ETF,NGN,123.92,,0.0,1.0653,2026-10-02
VFDGROUP,,NGX,INVESTMENT,NGN,13.5,-6.9,183690000000.0,0.3182,2026-10-02
VITAFOAM,,NGX,CONSUMER GOODS,NGN,194.0,0.0,291190000000.0,1.1087,2026-10-02
VSPBONDETF,Vetiva S&P Nigeria Sovereign Bond ETF,NGX,ETF,NGN,202.01,,0.0,-0.0669,2026-10-02
WAPCO,HBM Nigeria,NGX,Industrials,NGN,355.0,-1.53,5718260000000.0,1.6394,2026-10-02
WAPIC,,NGX,FINANCIAL SERVICES,NGN,2.36,0.42,67310000000.0,-0.2738,2026-10-02
WEMABANK,,NGX,FINANCIAL SERVICES,NGN,31.35,-0.48,1263740000000.0,0.5440999999999999,2026-10-02
ZENITHBANK,,NGX,FINANCIAL SERVICES,NGN,134.5,0.37,5503350000000.0,1.1683,2026-10-02
ZICHIS,,NGX,AGRICULTURE,NGN,18.25,-8.29,23880000000.0,,2026-10-02
